,alertId,messages,pingedUserId
0,1,Finish your tasks,1
1,2,Finish your tasks,2
2,3,Finish your tasks,3
3,4,Finish your tasks,4
4,5,Finish your tasks,5
5,6,Finish your tasks,6
6,7,Finish your tasks,7
7,8,Finish your tasks,8
8,9,Finish your tasks,9
9,10,Finish your tasks,10
10,11,Finish your tasks,11
11,12,Finish your tasks,12
12,13,Finish your tasks,13
13,14,Finish your tasks,14
14,15,Finish your tasks,15
15,16,Finish your tasks,16
16,17,Finish your tasks,17
17,18,Finish your tasks,18
18,19,Finish your tasks,19
19,20,Finish your tasks,20
